"Id","Path","Slice Name","Alias(s)","Label","Min","Max","Must Support?","Is Modifier?","Is Summary?","Type(s)","Short","Definition","Comments","Requirements","Default Value","Meaning When Missing","Fixed Value","Pattern","Example","Minimum Value","Maximum Value","Maximum Length","Binding Strength","Binding Description","Binding Value Set","Code","Slicing Discriminator","Slicing Description","Slicing Ordered","Slicing Rules","Base Path","Base Min","Base Max","Condition(s)","Constraint(s)","Mapping: MII KDS Mapping"
"Observation","Observation","","Vital Signs
MeasurementResultsTests","",0,*,"","","","null {[]} {[]}
","Measurements and simple assertions","Measurements and simple assertions made about a patient, device or other subject.","Used for simple observations such as device measurements, laboratory atomic results, vital signs, height, weight, smoking status, comments, etc.  Other resources are used to provide context for observations such as laboratory reports, etc.","","","","","","","","",,,,,"",,,,"Observation",0,*,"","dom-2:If the resource is contained in another resource, it SHALL NOT contain nested Resources {contained.contained.empty()}
dom-4:If a resource is contained in another resource, it SHALL NOT have a meta.versionId or a meta.lastUpdated {contained.meta.versionId.empty() and contained.meta.lastUpdated.empty()}dom-3:If the resource is contained in another resource, it SHALL be referred to from elsewhere in the resource or SHALL refer to the containing resource {contained.where((('#'+id in (%resource.descendants().reference | %resource.descendants().as(canonical) | %resource.descendants().as(uri) | %resource.descendants().as(url))) or descendants().where(reference = '#').exists() or descendants().where(as(canonical) = '#').exists() or descendants().where(as(canonical) = '#').exists()).not()).trace('unmatched', id).empty()}dom-6:A resource should have narrative for robust management {text.`div`.exists()}dom-5:If a resource is contained in another resource, it SHALL NOT have a security label {contained.meta.security.empty()}obs-7:If Observation.code is the same as an Observation.component.code then the value element associated with the code SHALL NOT be present {value.empty() or component.code.where(coding.intersect(%resource.code.coding).exists()).empty()}obs-6:dataAbsentReason SHALL only be present if Observation.value[x] is not present {dataAbsentReason.empty() or value.empty()}"
"Observation.id","Observation.id","","","",0,1,"","","Y","id {[]} {[]}
","Logical id of this artifact","The logical id of the resource, as used in the URL for the resource. Once assigned, this value never changes.","The only time that a resource does not have an id is when it is being submitted to the server using a create operation.","","","","","","","","",,,,,"",,,,"Resource.id",0,1,"",""
"Observation.meta","Observation.meta","","","",0,1,"","","Y","Meta {[]} {[]}
","Metadata about the resource","The metadata about the resource. This is content that is maintained by the infrastructure. Changes to the content might not always be associated with version changes to the resource.","","","","","","","","","",,,,,"",,,,"Resource.meta",0,1,"ele-1
","ele-1:All FHIR elements must have a @value or children {hasValue() or (children().count() > id.count())}
"
"Observation.implicitRules","Observation.implicitRules","","","",0,1,"","Y","Y","uri {[]} {[]}
","A set of rules under which this content was created","A reference to a set of rules that were followed when the resource was constructed, and which must be understood when processing the content. Often, this is a reference to an implementation guide that defines the special rules along with other profiles etc.","Asserting this rule set restricts the content to be only understood by a limited set of trading partners. This inherently limits the usefulness of the data in the long term. However, the existing health eco-system is highly fractured, and not yet ready to define, collect, and exchange data in a generally computable sense. Wherever possible, implementers and/or specification writers should avoid using this element. Often, when used, the URL is a reference to an implementation guide that defines these special rules as part of it's narrative along with other profiles, value sets, etc.","","","","","","","","",,,,,"",,,,"Resource.implicitRules",0,1,"ele-1
","ele-1:All FHIR elements must have a @value or children {hasValue() or (children().count() > id.count())}
"
"Observation.language","Observation.language","","","",0,1,"","","","code {[]} {[]}
","Language of the resource content","The base language in which the resource is written.","Language is provided to support indexing and accessibility (typically, services such as text to speech use the language tag). The html language tag in the narrative applies  to the narrative. The language tag on the resource may be used to specify the language of other presentations generated from the data in the resource. Not all the content has to be in the base language. The Resource.language should not be assumed to apply to the narrative automatically. If a language is specified, it should it also be specified on the div element in the html (see rules in HTML5 for information about the relationship between xml:lang and the html lang attribute).","","","","","","","","",,"preferred","A human language.","http://hl7.org/fhir/ValueSet/languages","",,,,"Resource.language",0,1,"ele-1
","ele-1:All FHIR elements must have a @value or children {hasValue() or (children().count() > id.count())}
"
"Observation.text","Observation.text","","narrative
htmlxhtmldisplay","",0,1,"","","","Narrative {[]} {[]}
","Text summary of the resource, for human interpretation","A human-readable narrative that contains a summary of the resource and can be used to represent the content of the resource to a human. The narrative need not encode all the structured data, but is required to contain sufficient detail to make it ""clinically safe"" for a human to just read the narrative. Resource definitions may define what content should be represented in the narrative to ensure clinical safety.","Contained resources do not have narrative. Resources that are not contained SHOULD have a narrative. In some cases, a resource may only have text with little or no additional discrete data (as long as all minOccurs=1 elements are satisfied).  This may be necessary for data from legacy systems where information is captured as a ""text blob"" or where text is additionally entered raw or narrated and encoded information is added later.","","","","","","","","",,,,,"",,,,"DomainResource.text",0,1,"ele-1
","ele-1:All FHIR elements must have a @value or children {hasValue() or (children().count() > id.count())}
"
"Observation.contained","Observation.contained","","inline resources
anonymous resourcescontained resources","",0,*,"","","","Resource {[]} {[]}
","Contained, inline Resources","These resources do not have an independent existence apart from the resource that contains them - they cannot be identified independently, and nor can they have their own independent transaction scope.","This should never be done when the content can be identified properly, as once identification is lost, it is extremely difficult (and context dependent) to restore it again. Contained resources may have profiles and tags In their meta elements, but SHALL NOT have security labels.","","","","","","","","",,,,,"",,,,"DomainResource.contained",0,*,"",""
"Observation.extension","Observation.extension","","extensions
user content","",0,*,"","","","Extension {[]} {[]}
","Additional content defined by implementations","May be used to represent additional information that is not part of the basic definition of the resource. To make the use of extensions safe and manageable, there is a strict set of governance  applied to the definition and use of extensions. Though any implementer can define an extension, there is a set of requirements that SHALL be met as part of the definition of the extension.","There can be no stigma associated with the use of extensions by any application, project, or standard - regardless of the institution or jurisdiction that uses or defines the extensions.  The use of extensions is what allows the FHIR specification to retain a core level of simplicity for everyone.","","","","","","","","",,,,,"","value:url}
","Extensions are always sliced by (at least) url",,"open","DomainResource.extension",0,*,"ele-1
","ele-1:All FHIR elements must have a @value or children {hasValue() or (children().count() > id.count())}
ext-1:Must have either extensions or value[x], not both {extension.exists() != value.exists()}"
"Observation.modifierExtension","Observation.modifierExtension","","extensions
user content","",0,*,"","Y","","Extension {[]} {[]}
","Extensions that cannot be ignored","May be used to represent additional information that is not part of the basic definition of the resource and that modifies the understanding of the element that contains it and/or the understanding of the containing element's descendants. Usually modifier elements provide negation or qualification. To make the use of extensions safe and manageable, there is a strict set of governance applied to the definition and use of extensions. Though any implementer is allowed to define an extension, there is a set of requirements that SHALL be met as part of the definition of the extension. Applications processing a resource are required to check for modifier extensions.

Modifier extensions SHALL NOT change the meaning of any elements on Resource or DomainResource (including cannot change the meaning of modifierExtension itself).","There can be no stigma associated with the use of extensions by any application, project, or standard - regardless of the institution or jurisdiction that uses or defines the extensions.  The use of extensions is what allows the FHIR specification to retain a core level of simplicity for everyone.","Modifier extensions allow for extensions that *cannot* be safely ignored to be clearly distinguished from the vast majority of extensions which can be safely ignored.  This promotes interoperability by eliminating the need for implementers to prohibit the presence of extensions. For further information, see the [definition of modifier extensions](http://hl7.org/fhir/R4/extensibility.html#modifierExtension).","","","","","","","",,,,,"","value:url}
","Extensions are always sliced by (at least) url",,"open","DomainResource.modifierExtension",0,*,"ele-1
","ele-1:All FHIR elements must have a @value or children {hasValue() or (children().count() > id.count())}
ext-1:Must have either extensions or value[x], not both {extension.exists() != value.exists()}"
"Observation.identifier","Observation.identifier","","","",0,*,"","","Y","Identifier {[]} {[]}
","Business Identifier for observation","A unique identifier assigned to this observation.","","Allows observations to be distinguished and referenced.","","","","","","","",,,,,"",,,,"Observation.identifier",0,*,"ele-1
","ele-1:All FHIR elements must have a @value or children {hasValue() or (children().count() > id.count())}
"
"Observation.basedOn","Observation.basedOn","","Fulfills
","",0,*,"","","Y","Reference {[]} {[CanonicalType[http://hl7.org/fhir/StructureDefinition/CarePlan], CanonicalType[http://hl7.org/fhir/StructureDefinition/DeviceRequest], CanonicalType[http://hl7.org/fhir/StructureDefinition/ImmunizationRecommendation], CanonicalType[http://hl7.org/fhir/StructureDefinition/MedicationRequest], CanonicalType[http://hl7.org/fhir/StructureDefinition/NutritionOrder], CanonicalType[http://hl7.org/fhir/StructureDefinition/ServiceRequest]]}
","Fulfills plan, proposal or order","A plan, proposal or order that is fulfilled in whole or in part by this event.  For example, a MedicationRequest may require a patient to have laboratory test performed before  it is dispensed.","References SHALL be a reference to an actual FHIR resource, and SHALL be resolveable (allowing for access control, temporary unavailability, etc.). Resolution can be either by retrieval from the URL, or, where applicable by resource type, by treating an absolute reference as a canonical URL and looking it up in a local registry/repository.","Allows tracing of authorization for the event and tracking whether proposals/recommendations were acted upon.","","","","","","","",,,,,"",,,,"Observation.basedOn",0,*,"ele-1
","ele-1:All FHIR elements must have a @value or children {hasValue() or (children().count() > id.count())}
ref-1:SHALL have a contained resource if a local reference is provided {reference.startsWith('#').not() or (reference.substring(1).trace('url') in %rootResource.contained.id.trace('ids'))}"
"Observation.partOf","Observation.partOf","","Container
","",0,*,"","","Y","Reference {[]} {[CanonicalType[http://hl7.org/fhir/StructureDefinition/MedicationAdministration], CanonicalType[http://hl7.org/fhir/StructureDefinition/MedicationDispense], CanonicalType[http://hl7.org/fhir/StructureDefinition/MedicationStatement], CanonicalType[http://hl7.org/fhir/StructureDefinition/Procedure], CanonicalType[http://hl7.org/fhir/StructureDefinition/Immunization], CanonicalType[http://hl7.org/fhir/StructureDefinition/ImagingStudy]]}
","Part of referenced event","A larger event of which this particular Observation is a component or step.  For example,  an observation as part of a procedure.","To link an Observation to an Encounter use `encounter`.  See the  [Notes](http://hl7.org/fhir/R4/observation.html#obsgrouping) below for guidance on referencing another Observation.","","","","","","","","",,,,,"",,,,"Observation.partOf",0,*,"ele-1
","ele-1:All FHIR elements must have a @value or children {hasValue() or (children().count() > id.count())}
ref-1:SHALL have a contained resource if a local reference is provided {reference.startsWith('#').not() or (reference.substring(1).trace('url') in %rootResource.contained.id.trace('ids'))}"
"Observation.status","Observation.status","","","",1,1,"Y","Y","Y","code {[]} {[]}
","Status","Status der Beobachtung","This element is labeled as a modifier because the status contains codes that mark the resource as not currently valid.","Need to track the status of individual results. Some results are finalized before the whole report is finalized.","","","","","","","",,"required","Codes providing the status of an observation.","http://hl7.org/fhir/ValueSet/observation-status|4.0.1","",,,,"Observation.status",1,1,"ele-1
","ele-1:All FHIR elements must have a @value or children {hasValue() or (children().count() > id.count())}
"
"Observation.category","Observation.category","","","",2,*,"Y","","","CodeableConcept {[]} {[]}
","Kategorie","Klassifizierung der Beobachtungsart","In addition to the required category valueset, this element allows various categorization schemes based on the owner’s definition of the category and effectively multiple categories can be used at once.  The level of granularity is defined by the category concepts in the value set.","Used for filtering what observations are retrieved and displayed.","","","","","","","",,"preferred","Codes for high level observation categories.","http://hl7.org/fhir/ValueSet/observation-category","","value:coding}
","Slice based on the category.code pattern",,"open","Observation.category",0,*,"ele-1
","ele-1:All FHIR elements must have a @value or children {hasValue() or (children().count() > id.count())}
"
"Observation.category:labCategory","Observation.category","labCategory","","",1,1,"","","","CodeableConcept {[]} {[]}
","Classification of  type of observation","A code that classifies the general type of observation being made.","In addition to the required category valueset, this element allows various categorization schemes based on the owner’s definition of the category and effectively multiple categories can be used at once.  The level of granularity is defined by the category concepts in the value set.","Used for filtering what observations are retrieved and displayed.","","","","","","","",,"preferred","Codes for high level observation categories.","http://hl7.org/fhir/ValueSet/observation-category","",,,,"Observation.category",0,*,"ele-1
","ele-1:All FHIR elements must have a @value or children {hasValue() or (children().count() > id.count())}
"
"Observation.category:labCategory.id","Observation.category.id","","","",0,1,"","","","string {[]} {[]}
","Unique id for inter-element referencing","Unique id for the element within a resource (for internal references). This may be any string value that does not contain spaces.","","","","","","","","","",,,,,"",,,,"Element.id",0,1,"",""
"Observation.category:labCategory.extension","Observation.category.extension","","extensions
user content","",0,*,"","","","Extension {[]} {[]}
","Additional content defined by implementations","May be used to represent additional information that is not part of the basic definition of the element. To make the use of extensions safe and manageable, there is a strict set of governance  applied to the definition and use of extensions. Though any implementer can define an extension, there is a set of requirements that SHALL be met as part of the definition of the extension.","There can be no stigma associated with the use of extensions by any application, project, or standard - regardless of the institution or jurisdiction that uses or defines the extensions.  The use of extensions is what allows the FHIR specification to retain a core level of simplicity for everyone.","","","","","","","","",,,,,"","value:url}
","Extensions are always sliced by (at least) url",,"open","Element.extension",0,*,"ele-1
","ele-1:All FHIR elements must have a @value or children {hasValue() or (children().count() > id.count())}
ext-1:Must have either extensions or value[x], not both {extension.exists() != value.exists()}"
"Observation.category:labCategory.coding","Observation.category.coding","","","",1,1,"","","Y","Coding {[]} {[]}
","Code defined by a terminology system","A reference to a code defined by a terminology system.","Codes may be defined very casually in enumerations, or code lists, up to very formal definitions such as SNOMED CT - see the HL7 v3 Core Principles for more information.  Ordering of codings is undefined and SHALL NOT be used to infer meaning. Generally, at most only one of the coding values will be labeled as UserSelected = true.","Allows for alternative encodings within a code system, and translations to other code systems.","","","","<valueCoding xmlns=""http://hl7.org/fhir"">
  <system value=""http://terminology.hl7.org/CodeSystem/observation-category""/>
  <code value=""laboratory""/>
</valueCoding>","","","",,,,,"",,,,"CodeableConcept.coding",0,*,"ele-1
","ele-1:All FHIR elements must have a @value or children {hasValue() or (children().count() > id.count())}
"
"Observation.category:labCategory.text","Observation.category.text","","","",0,1,"","","Y","string {[]} {[]}
","Plain text representation of the concept","A human language representation of the concept as seen/selected/uttered by the user who entered the data and/or which represents the intended meaning of the user.","Very often the text is the same as a displayName of one of the codings.","The codes from the terminologies do not always capture the correct meaning with all the nuances of the human using them, or sometimes there is no appropriate code at all. In these cases, the text is used to capture the full meaning of the source.","","","","","","","",,,,,"",,,,"CodeableConcept.text",0,1,"ele-1
","ele-1:All FHIR elements must have a @value or children {hasValue() or (children().count() > id.count())}
"
"Observation.category:mbCategory","Observation.category","mbCategory","","",1,1,"","","","CodeableConcept {[]} {[]}
","Classification of  type of observation","A code that classifies the general type of observation being made.","In addition to the required category valueset, this element allows various categorization schemes based on the owner’s definition of the category and effectively multiple categories can be used at once.  The level of granularity is defined by the category concepts in the value set.","Used for filtering what observations are retrieved and displayed.","","","","","","","",,"preferred","Codes for high level observation categories.","http://hl7.org/fhir/ValueSet/observation-category","",,,,"Observation.category",0,*,"ele-1
","ele-1:All FHIR elements must have a @value or children {hasValue() or (children().count() > id.count())}
"
"Observation.category:mbCategory.id","Observation.category.id","","","",0,1,"","","","string {[]} {[]}
","Unique id for inter-element referencing","Unique id for the element within a resource (for internal references). This may be any string value that does not contain spaces.","","","","","","","","","",,,,,"",,,,"Element.id",0,1,"",""
"Observation.category:mbCategory.extension","Observation.category.extension","","extensions
user content","",0,*,"","","","Extension {[]} {[]}
","Additional content defined by implementations","May be used to represent additional information that is not part of the basic definition of the element. To make the use of extensions safe and manageable, there is a strict set of governance  applied to the definition and use of extensions. Though any implementer can define an extension, there is a set of requirements that SHALL be met as part of the definition of the extension.","There can be no stigma associated with the use of extensions by any application, project, or standard - regardless of the institution or jurisdiction that uses or defines the extensions.  The use of extensions is what allows the FHIR specification to retain a core level of simplicity for everyone.","","","","","","","","",,,,,"","value:url}
","Extensions are always sliced by (at least) url",,"open","Element.extension",0,*,"ele-1
","ele-1:All FHIR elements must have a @value or children {hasValue() or (children().count() > id.count())}
ext-1:Must have either extensions or value[x], not both {extension.exists() != value.exists()}"
"Observation.category:mbCategory.coding","Observation.category.coding","","","",1,1,"","","Y","Coding {[]} {[]}
","Code defined by a terminology system","A reference to a code defined by a terminology system.","Codes may be defined very casually in enumerations, or code lists, up to very formal definitions such as SNOMED CT - see the HL7 v3 Core Principles for more information.  Ordering of codings is undefined and SHALL NOT be used to infer meaning. Generally, at most only one of the coding values will be labeled as UserSelected = true.","Allows for alternative encodings within a code system, and translations to other code systems.","","","","<valueCoding xmlns=""http://hl7.org/fhir"">
  <system value=""http://hl7.org/fhir/uv/genomics-reporting/CodeSystem/tbd-codes-cs""/>
  <code value=""biomarker-category""/>
</valueCoding>","","","",,,,,"",,,,"CodeableConcept.coding",0,*,"ele-1
","ele-1:All FHIR elements must have a @value or children {hasValue() or (children().count() > id.count())}
"
"Observation.category:mbCategory.text","Observation.category.text","","","",0,1,"","","Y","string {[]} {[]}
","Plain text representation of the concept","A human language representation of the concept as seen/selected/uttered by the user who entered the data and/or which represents the intended meaning of the user.","Very often the text is the same as a displayName of one of the codings.","The codes from the terminologies do not always capture the correct meaning with all the nuances of the human using them, or sometimes there is no appropriate code at all. In these cases, the text is used to capture the full meaning of the source.","","","","","","","",,,,,"",,,,"CodeableConcept.text",0,1,"ele-1
","ele-1:All FHIR elements must have a @value or children {hasValue() or (children().count() > id.count())}
"
"Observation.category:geCategory","Observation.category","geCategory","","",0,1,"","","","CodeableConcept {[]} {[]}
","Classification of  type of observation","A code that classifies the general type of observation being made.","In addition to the required category valueset, this element allows various categorization schemes based on the owner’s definition of the category and effectively multiple categories can be used at once.  The level of granularity is defined by the category concepts in the value set.","Used for filtering what observations are retrieved and displayed.","","","","","","","",,"preferred","Codes for high level observation categories.","http://hl7.org/fhir/ValueSet/observation-category","",,,,"Observation.category",0,*,"ele-1
","ele-1:All FHIR elements must have a @value or children {hasValue() or (children().count() > id.count())}
"
"Observation.category:geCategory.id","Observation.category.id","","","",0,1,"","","","string {[]} {[]}
","Unique id for inter-element referencing","Unique id for the element within a resource (for internal references). This may be any string value that does not contain spaces.","","","","","","","","","",,,,,"",,,,"Element.id",0,1,"",""
"Observation.category:geCategory.extension","Observation.category.extension","","extensions
user content","",0,*,"","","","Extension {[]} {[]}
","Additional content defined by implementations","May be used to represent additional information that is not part of the basic definition of the element. To make the use of extensions safe and manageable, there is a strict set of governance  applied to the definition and use of extensions. Though any implementer can define an extension, there is a set of requirements that SHALL be met as part of the definition of the extension.","There can be no stigma associated with the use of extensions by any application, project, or standard - regardless of the institution or jurisdiction that uses or defines the extensions.  The use of extensions is what allows the FHIR specification to retain a core level of simplicity for everyone.","","","","","","","","",,,,,"","value:url}
","Extensions are always sliced by (at least) url",,"open","Element.extension",0,*,"ele-1
","ele-1:All FHIR elements must have a @value or children {hasValue() or (children().count() > id.count())}
ext-1:Must have either extensions or value[x], not both {extension.exists() != value.exists()}"
"Observation.category:geCategory.coding","Observation.category.coding","","","",1,1,"","","Y","Coding {[]} {[]}
","Code defined by a terminology system","A reference to a code defined by a terminology system.","Codes may be defined very casually in enumerations, or code lists, up to very formal definitions such as SNOMED CT - see the HL7 v3 Core Principles for more information.  Ordering of codings is undefined and SHALL NOT be used to infer meaning. Generally, at most only one of the coding values will be labeled as UserSelected = true.","Allows for alternative encodings within a code system, and translations to other code systems.","","","","<valueCoding xmlns=""http://hl7.org/fhir"">
  <system value=""http://terminology.hl7.org/CodeSystem/v2-0074""/>
  <code value=""GE""/>
</valueCoding>","","","",,,,,"",,,,"CodeableConcept.coding",0,*,"ele-1
","ele-1:All FHIR elements must have a @value or children {hasValue() or (children().count() > id.count())}
"
"Observation.category:geCategory.text","Observation.category.text","","","",0,1,"","","Y","string {[]} {[]}
","Plain text representation of the concept","A human language representation of the concept as seen/selected/uttered by the user who entered the data and/or which represents the intended meaning of the user.","Very often the text is the same as a displayName of one of the codings.","The codes from the terminologies do not always capture the correct meaning with all the nuances of the human using them, or sometimes there is no appropriate code at all. In these cases, the text is used to capture the full meaning of the source.","","","","","","","",,,,,"",,,,"CodeableConcept.text",0,1,"ele-1
","ele-1:All FHIR elements must have a @value or children {hasValue() or (children().count() > id.count())}
"
"Observation.code","Observation.code","","Name
","",1,1,"Y","","Y","CodeableConcept {[]} {[]}
","Code","Code zur Identifizierung der Mutationslast","*All* code-value and, if present, component.code-component.value pairs need to be taken into account to correctly understand the meaning of the observation.","Knowing what kind of observation is being made is essential to understanding the observation.","","","","","","","",,"example","Codes identifying names of simple observations.","http://hl7.org/fhir/uv/genomics-reporting/ValueSet/molecular-biomarker-code-vs","",,,,"Observation.code",1,1,"ele-1
","ele-1:All FHIR elements must have a @value or children {hasValue() or (children().count() > id.count())}
"
"Observation.subject","Observation.subject","","","",1,1,"Y","","Y","Reference {[]} {[CanonicalType[http://hl7.org/fhir/StructureDefinition/Patient], CanonicalType[http://hl7.org/fhir/StructureDefinition/Group]]}
","Patient","Der Patient auf den sich die Beobachtung bezieht","One would expect this element to be a cardinality of 1..1. The only circumstance in which the subject can be missing is when the observation is made by a device that does not know the patient. In this case, the observation SHALL be matched to a patient through some context/channel matching technique, and at this point, the observation should be updated.","Observations have no value if you don't know who or what they're about.","","","","","","","",,,,,"",,,,"Observation.subject",0,1,"ele-1
","ele-1:All FHIR elements must have a @value or children {hasValue() or (children().count() > id.count())}
ref-1:SHALL have a contained resource if a local reference is provided {reference.startsWith('#').not() or (reference.substring(1).trace('url') in %rootResource.contained.id.trace('ids'))}"
"Observation.focus","Observation.focus","","","",0,*,"","","Y","Reference {[]} {[CanonicalType[http://hl7.org/fhir/StructureDefinition/Resource]]}
","What the observation is about, when it is not about the subject of record","The actual focus of an observation when it is not the patient of record representing something or someone associated with the patient such as a spouse, parent, fetus, or donor. For example, fetus observations in a mother's record.  The focus of an observation could also be an existing condition,  an intervention, the subject's diet,  another observation of the subject,  or a body structure such as tumor or implanted device.   An example use case would be using the Observation resource to capture whether the mother is trained to change her child's tracheostomy tube. In this example, the child is the patient of record and the mother is the focus.","Typically, an observation is made about the subject - a patient, or group of patients, location, or device - and the distinction between the subject and what is directly measured for an observation is specified in the observation code itself ( e.g., ""Blood Glucose"") and does not need to be represented separately using this element.  Use `specimen` if a reference to a specimen is required.  If a code is required instead of a resource use either  `bodysite` for bodysites or the standard extension [focusCode](http://hl7.org/fhir/R4/extension-observation-focuscode.html).","","","","","","","","",,,,,"",,,,"Observation.focus",0,*,"ele-1
","ele-1:All FHIR elements must have a @value or children {hasValue() or (children().count() > id.count())}
ref-1:SHALL have a contained resource if a local reference is provided {reference.startsWith('#').not() or (reference.substring(1).trace('url') in %rootResource.contained.id.trace('ids'))}"
"Observation.encounter","Observation.encounter","","Context
","",0,1,"Y","","Y","Reference {[]} {[CanonicalType[http://hl7.org/fhir/StructureDefinition/Encounter]]}
","Kontakt","Der Kontakt in dessen Rahmen die Beobachtung gemacht wurde","This will typically be the encounter the event occurred within, but some events may be initiated prior to or after the official completion of an encounter but still be tied to the context of the encounter (e.g. pre-admission laboratory tests).","For some observations it may be important to know the link between an observation and a particular encounter.","","","","","","","",,,,,"",,,,"Observation.encounter",0,1,"ele-1
","ele-1:All FHIR elements must have a @value or children {hasValue() or (children().count() > id.count())}
ref-1:SHALL have a contained resource if a local reference is provided {reference.startsWith('#').not() or (reference.substring(1).trace('url') in %rootResource.contained.id.trace('ids'))}"
"Observation.effective[x]","Observation.effective[x]","","Occurrence
","",0,1,"Y","","Y","dateTime {[]} {[]}
Period {[]} {[]}Timing {[]} {[]}instant {[]} {[]}","Zeitpunkt der Beobachtung","Klinisch relevanter Zeitpunkt der Beobachtung","At least a date should be present unless this observation is a historical report.  For recording imprecise or ""fuzzy"" times (For example, a blood glucose measurement taken ""after breakfast"") use the [Timing](http://hl7.org/fhir/R4/datatypes.html#timing) datatype which allow the measurement to be tied to regular life events.","Knowing when an observation was deemed true is important to its relevance as well as determining trends.","","","","","","","",,,,,"",,,,"Observation.effective[x]",0,1,"ele-1
","ele-1:All FHIR elements must have a @value or children {hasValue() or (children().count() > id.count())}
"
"Observation.issued","Observation.issued","","","",0,1,"Y","","Y","instant {[]} {[]}
","Freigabedatum","Datum und Uhrzeit der Freigabe","For Observations that don’t require review and verification, it may be the same as the [`lastUpdated` ](http://hl7.org/fhir/R4/resource-definitions.html#Meta.lastUpdated) time of the resource itself.  For Observations that do require review and verification for certain updates, it might not be the same as the `lastUpdated` time of the resource itself due to a non-clinically significant update that doesn’t require the new version to be reviewed and verified again.","","","","","","","","",,,,,"",,,,"Observation.issued",0,1,"ele-1
","ele-1:All FHIR elements must have a @value or children {hasValue() or (children().count() > id.count())}
"
"Observation.performer","Observation.performer","","","",0,*,"","","Y","Reference {[]} {[CanonicalType[http://hl7.org/fhir/StructureDefinition/Practitioner], CanonicalType[http://hl7.org/fhir/StructureDefinition/PractitionerRole], CanonicalType[http://hl7.org/fhir/StructureDefinition/Organization], CanonicalType[http://hl7.org/fhir/StructureDefinition/CareTeam], CanonicalType[http://hl7.org/fhir/StructureDefinition/Patient], CanonicalType[http://hl7.org/fhir/StructureDefinition/RelatedPerson]]}
","Who is responsible for the observation","Who was responsible for asserting the observed value as ""true"".","References SHALL be a reference to an actual FHIR resource, and SHALL be resolveable (allowing for access control, temporary unavailability, etc.). Resolution can be either by retrieval from the URL, or, where applicable by resource type, by treating an absolute reference as a canonical URL and looking it up in a local registry/repository.","May give a degree of confidence in the observation and also indicates where follow-up questions should be directed.","","","","","","","",,,,,"",,,,"Observation.performer",0,*,"ele-1
","ele-1:All FHIR elements must have a @value or children {hasValue() or (children().count() > id.count())}
ref-1:SHALL have a contained resource if a local reference is provided {reference.startsWith('#').not() or (reference.substring(1).trace('url') in %rootResource.contained.id.trace('ids'))}"
"Observation.value[x]","Observation.value[x]","","","",0,1,"Y","","Y","Quantity {[]} {[]}
CodeableConcept {[]} {[]}string {[]} {[]}boolean {[]} {[]}integer {[]} {[]}Range {[]} {[]}Ratio {[]} {[]}SampledData {[]} {[]}time {[]} {[]}dateTime {[]} {[]}Period {[]} {[]}","Ergebniswert","Der numerische Wert der Mutationslast in Mutationen pro Megabase","An observation may have; 1)  a single value here, 2)  both a value and a set of related or component values,  or 3)  only a set of related or component values. If a value is present, the datatype for this element should be determined by Observation.code.  A CodeableConcept with just a text would be used instead of a string if the field was usually coded, or if the type associated with the Observation.code defines a coded value.  For additional guidance, see the [Notes section](http://hl7.org/fhir/R4/observation.html#notes) below.","An observation exists to have a value, though it might not if it is in error, or if it represents a group of observations.","","","","","","","",,,,,"","type:$this}
","",,"open","Observation.value[x]",0,1,"ele-1
obs-7","ele-1:All FHIR elements must have a @value or children {hasValue() or (children().count() > id.count())}
"
"Observation.value[x]:valueQuantity","Observation.value[x]","valueQuantity","","",0,1,"","","Y","Quantity {[]} {[]}
","Actual result","The information determined as a result of making the observation, if the information has a simple value.","An observation may have; 1)  a single value here, 2)  both a value and a set of related or component values,  or 3)  only a set of related or component values. If a value is present, the datatype for this element should be determined by Observation.code.  A CodeableConcept with just a text would be used instead of a string if the field was usually coded, or if the type associated with the Observation.code defines a coded value.  For additional guidance, see the [Notes section](http://hl7.org/fhir/R4/observation.html#notes) below.","An observation exists to have a value, though it might not if it is in error, or if it represents a group of observations.","","","","","","","",,,,,"",,,,"Observation.value[x]",0,1,"ele-1
obs-7","ele-1:All FHIR elements must have a @value or children {hasValue() or (children().count() > id.count())}
","mide-dataelement-2012"
"Observation.dataAbsentReason","Observation.dataAbsentReason","","","",0,1,"","","","CodeableConcept {[]} {[]}
","Why the result is missing","Provides a reason why the expected value in the element Observation.value[x] is missing.","Null or exceptional values can be represented two ways in FHIR Observations.  One way is to simply include them in the value set and represent the exceptions in the value.  For example, measurement values for a serology test could be  ""detected"", ""not detected"", ""inconclusive"", or  ""specimen unsatisfactory"".   

The alternate way is to use the value element for actual observations and use the explicit dataAbsentReason element to record exceptional values.  For example, the dataAbsentReason code ""error"" could be used when the measurement was not completed. Note that an observation may only be reported if there are values to report. For example differential cell counts values may be reported only when > 0.  Because of these options, use-case agreements are required to interpret general observations for null or exceptional values.","For many results it is necessary to handle exceptional values in measurements.","","","","","","","",,"extensible","Codes specifying why the result (`Observation.value[x]`) is missing.","http://hl7.org/fhir/ValueSet/data-absent-reason","",,,,"Observation.dataAbsentReason",0,1,"ele-1
obs-6","ele-1:All FHIR elements must have a @value or children {hasValue() or (children().count() > id.count())}
"
"Observation.interpretation","Observation.interpretation","","Abnormal Flag
","",0,*,"","","","CodeableConcept {[]} {[]}
","High, low, normal, etc.","A categorical assessment of an observation value.  For example, high, low, normal.","Historically used for laboratory results (known as 'abnormal flag' ),  its use extends to other use cases where coded interpretations  are relevant.  Often reported as one or more simple compact codes this element is often placed adjacent to the result value in reports and flow sheets to signal the meaning/normalcy status of the result.","For some results, particularly numeric results, an interpretation is necessary to fully understand the significance of a result.","","","","","","","",,"extensible","Codes identifying interpretations of observations.","http://hl7.org/fhir/ValueSet/observation-interpretation","",,,,"Observation.interpretation",0,*,"ele-1
","ele-1:All FHIR elements must have a @value or children {hasValue() or (children().count() > id.count())}
"
"Observation.note","Observation.note","","","",0,*,"","","","Annotation {[]} {[]}
","Comments about the observation","Comments about the observation or the results.","May include general statements about the observation, or statements about significant, unexpected or unreliable results values, or information about its source when relevant to its interpretation.","Need to be able to provide free text additional information.","","","","","","","",,,,,"",,,,"Observation.note",0,*,"ele-1
","ele-1:All FHIR elements must have a @value or children {hasValue() or (children().count() > id.count())}
"
"Observation.bodySite","Observation.bodySite","","","",0,1,"","","","CodeableConcept {[]} {[]}
","Observed body part","Indicates the site on the subject's body where the observation was made (i.e. the target site).","Only used if not implicit in code found in Observation.code.  In many systems, this may be represented as a related observation instead of an inline component.   

If the use case requires BodySite to be handled as a separate resource (e.g. to identify and track separately) then use the standard extension[ bodySite](http://hl7.org/fhir/R4/extension-bodysite.html).","","","","","","","","",,"example","Codes describing anatomical locations. May include laterality.","http://hl7.org/fhir/ValueSet/body-site","",,,,"Observation.bodySite",0,1,"ele-1
","ele-1:All FHIR elements must have a @value or children {hasValue() or (children().count() > id.count())}
"
"Observation.method","Observation.method","","","",0,1,"","","","CodeableConcept {[]} {[]}
","How it was done","Indicates the mechanism used to perform the observation.","Only used if not implicit in code for Observation.code.","In some cases, method can impact results and is thus used for determining whether results can be compared or determining significance of results.","","","","","","","",,"example","Methods for simple observations.","http://hl7.org/fhir/ValueSet/observation-methods","",,,,"Observation.method",0,1,"ele-1
","ele-1:All FHIR elements must have a @value or children {hasValue() or (children().count() > id.count())}
"
"Observation.specimen","Observation.specimen","","","",0,1,"Y","","","Reference {[]} {[CanonicalType[http://hl7.org/fhir/StructureDefinition/Specimen]]}
","Probe","Die untersuchte Tumorprobe","Should only be used if not implicit in code found in `Observation.code`.  Observations are not made on specimens themselves; they are made on a subject, but in many cases by the means of a specimen. Note that although specimens are often involved, they are not always tracked and reported explicitly. Also note that observation resources may be used in contexts that track the specimen explicitly (e.g. Diagnostic Report).","","","","","","","","",,,,,"",,,,"Observation.specimen",0,1,"ele-1
","ele-1:All FHIR elements must have a @value or children {hasValue() or (children().count() > id.count())}
ref-1:SHALL have a contained resource if a local reference is provided {reference.startsWith('#').not() or (reference.substring(1).trace('url') in %rootResource.contained.id.trace('ids'))}"
"Observation.device","Observation.device","","","",0,1,"","","","Reference {[]} {[CanonicalType[http://hl7.org/fhir/StructureDefinition/Device], CanonicalType[http://hl7.org/fhir/StructureDefinition/DeviceMetric]]}
","(Measurement) Device","The device used to generate the observation data.","Note that this is not meant to represent a device involved in the transmission of the result, e.g., a gateway.  Such devices may be documented using the Provenance resource where relevant.","","","","","","","","",,,,,"",,,,"Observation.device",0,1,"ele-1
","ele-1:All FHIR elements must have a @value or children {hasValue() or (children().count() > id.count())}
ref-1:SHALL have a contained resource if a local reference is provided {reference.startsWith('#').not() or (reference.substring(1).trace('url') in %rootResource.contained.id.trace('ids'))}"
"Observation.referenceRange","Observation.referenceRange","","","",0,*,"","","","BackboneElement {[]} {[]}
","Provides guide for interpretation","Guidance on how to interpret the value by comparison to a normal or recommended range.  Multiple reference ranges are interpreted as an ""OR"".   In other words, to represent two distinct target populations, two `referenceRange` elements would be used.","Most observations only have one generic reference range. Systems MAY choose to restrict to only supplying the relevant reference range based on knowledge about the patient (e.g., specific to the patient's age, gender, weight and other factors), but this might not be possible or appropriate. Whenever more than one reference range is supplied, the differences between them SHOULD be provided in the reference range and/or age properties.","Knowing what values are considered ""normal"" can help evaluate the significance of a particular result. Need to be able to provide multiple reference ranges for different contexts.","","","","","","","",,,,,"",,,,"Observation.referenceRange",0,*,"ele-1
","ele-1:All FHIR elements must have a @value or children {hasValue() or (children().count() > id.count())}
obs-3:Must have at least a low or a high or text {low.exists() or high.exists() or text.exists()}"
"Observation.referenceRange.id","Observation.referenceRange.id","","","",0,1,"","","","string {[]} {[]}
","Unique id for inter-element referencing","Unique id for the element within a resource (for internal references). This may be any string value that does not contain spaces.","","","","","","","","","",,,,,"",,,,"Element.id",0,1,"",""
"Observation.referenceRange.extension","Observation.referenceRange.extension","","extensions
user content","",0,*,"","","","Extension {[]} {[]}
","Additional content defined by implementations","May be used to represent additional information that is not part of the basic definition of the element. To make the use of extensions safe and manageable, there is a strict set of governance  applied to the definition and use of extensions. Though any implementer can define an extension, there is a set of requirements that SHALL be met as part of the definition of the extension.","There can be no stigma associated with the use of extensions by any application, project, or standard - regardless of the institution or jurisdiction that uses or defines the extensions.  The use of extensions is what allows the FHIR specification to retain a core level of simplicity for everyone.","","","","","","","","",,,,,"","value:url}
","Extensions are always sliced by (at least) url",,"open","Element.extension",0,*,"ele-1
","ele-1:All FHIR elements must have a @value or children {hasValue() or (children().count() > id.count())}
ext-1:Must have either extensions or value[x], not both {extension.exists() != value.exists()}"
"Observation.referenceRange.modifierExtension","Observation.referenceRange.modifierExtension","","extensions
user contentmodifiers","",0,*,"","Y","Y","Extension {[]} {[]}
","Extensions that cannot be ignored even if unrecognized","May be used to represent additional information that is not part of the basic definition of the element and that modifies the understanding of the element in which it is contained and/or the understanding of the containing element's descendants. Usually modifier elements provide negation or qualification. To make the use of extensions safe and manageable, there is a strict set of governance applied to the definition and use of extensions. Though any implementer can define an extension, there is a set of requirements that SHALL be met as part of the definition of the extension. Applications processing a resource are required to check for modifier extensions.

Modifier extensions SHALL NOT change the meaning of any elements on Resource or DomainResource (including cannot change the meaning of modifierExtension itself).","There can be no stigma associated with the use of extensions by any application, project, or standard - regardless of the institution or jurisdiction that uses or defines the extensions.  The use of extensions is what allows the FHIR specification to retain a core level of simplicity for everyone.","Modifier extensions allow for extensions that *cannot* be safely ignored to be clearly distinguished from the vast majority of extensions which can be safely ignored.  This promotes interoperability by eliminating the need for implementers to prohibit the presence of extensions. For further information, see the [definition of modifier extensions](http://hl7.org/fhir/R4/extensibility.html#modifierExtension).","","","","","","","",,,,,"",,,,"BackboneElement.modifierExtension",0,*,"ele-1
","ele-1:All FHIR elements must have a @value or children {hasValue() or (children().count() > id.count())}
ext-1:Must have either extensions or value[x], not both {extension.exists() != value.exists()}"
"Observation.referenceRange.low","Observation.referenceRange.low","","","",0,1,"","","","Quantity {[CanonicalType[http://hl7.org/fhir/StructureDefinition/SimpleQuantity]]} {[]}
","Low Range, if relevant","The value of the low bound of the reference range.  The low bound of the reference range endpoint is inclusive of the value (e.g.  reference range is >=5 - <=9). If the low bound is omitted,  it is assumed to be meaningless (e.g. reference range is <=2.3).","The context of use may frequently define what kind of quantity this is and therefore what kind of units can be used. The context of use may also restrict the values for the comparator.","","","","","","","","",,,,,"",,,,"Observation.referenceRange.low",0,1,"ele-1
obs-3","ele-1:All FHIR elements must have a @value or children {hasValue() or (children().count() > id.count())}
qty-3:If a code for the unit is present, the system SHALL also be present {code.empty() or system.exists()}sqty-1:The comparator is not used on a SimpleQuantity {comparator.empty()}"
"Observation.referenceRange.high","Observation.referenceRange.high","","","",0,1,"","","","Quantity {[CanonicalType[http://hl7.org/fhir/StructureDefinition/SimpleQuantity]]} {[]}
","High Range, if relevant","The value of the high bound of the reference range.  The high bound of the reference range endpoint is inclusive of the value (e.g.  reference range is >=5 - <=9). If the high bound is omitted,  it is assumed to be meaningless (e.g. reference range is >= 2.3).","The context of use may frequently define what kind of quantity this is and therefore what kind of units can be used. The context of use may also restrict the values for the comparator.","","","","","","","","",,,,,"",,,,"Observation.referenceRange.high",0,1,"ele-1
obs-3","ele-1:All FHIR elements must have a @value or children {hasValue() or (children().count() > id.count())}
qty-3:If a code for the unit is present, the system SHALL also be present {code.empty() or system.exists()}sqty-1:The comparator is not used on a SimpleQuantity {comparator.empty()}"
"Observation.referenceRange.type","Observation.referenceRange.type","","","",0,1,"","","","CodeableConcept {[]} {[]}
","Reference range qualifier","Codes to indicate the what part of the targeted reference population it applies to. For example, the normal or therapeutic range.","This SHOULD be populated if there is more than one range.  If this element is not present then the normal range is assumed.","Need to be able to say what kind of reference range this is - normal, recommended, therapeutic, etc.,  - for proper interpretation.","","","","","","","",,"preferred","Code for the meaning of a reference range.","http://hl7.org/fhir/ValueSet/referencerange-meaning","",,,,"Observation.referenceRange.type",0,1,"ele-1
","ele-1:All FHIR elements must have a @value or children {hasValue() or (children().count() > id.count())}
"
"Observation.referenceRange.appliesTo","Observation.referenceRange.appliesTo","","","",0,*,"","","","CodeableConcept {[]} {[]}
","Reference range population","Codes to indicate the target population this reference range applies to.  For example, a reference range may be based on the normal population or a particular sex or race.  Multiple `appliesTo`  are interpreted as an ""AND"" of the target populations.  For example, to represent a target population of African American females, both a code of female and a code for African American would be used.","This SHOULD be populated if there is more than one range.  If this element is not present then the normal population is assumed.","Need to be able to identify the target population for proper interpretation.","","","","","","","",,"example","Codes identifying the population the reference range applies to.","http://hl7.org/fhir/ValueSet/referencerange-appliesto","",,,,"Observation.referenceRange.appliesTo",0,*,"ele-1
","ele-1:All FHIR elements must have a @value or children {hasValue() or (children().count() > id.count())}
"
"Observation.referenceRange.age","Observation.referenceRange.age","","","",0,1,"","","","Range {[]} {[]}
","Applicable age range, if relevant","The age at which this reference range is applicable. This is a neonatal age (e.g. number of weeks at term) if the meaning says so.","The stated low and high value are assumed to have arbitrarily high precision when it comes to determining which values are in the range. I.e. 1.99 is not in the range 2 -> 3.","Some analytes vary greatly over age.","","","","","","","",,,,,"",,,,"Observation.referenceRange.age",0,1,"ele-1
","ele-1:All FHIR elements must have a @value or children {hasValue() or (children().count() > id.count())}
rng-2:If present, low SHALL have a lower value than high {low.empty() or high.empty() or (low <= high)}"
"Observation.referenceRange.text","Observation.referenceRange.text","","","",0,1,"","","","string {[]} {[]}
","Text based reference range in an observation","Text based reference range in an observation which may be used when a quantitative range is not appropriate for an observation.  An example would be a reference value of ""Negative"" or a list or table of ""normals"".","Note that FHIR strings SHALL NOT exceed 1MB in size","","","","","","","","",,,,,"",,,,"Observation.referenceRange.text",0,1,"ele-1
","ele-1:All FHIR elements must have a @value or children {hasValue() or (children().count() > id.count())}
"
"Observation.hasMember","Observation.hasMember","","","",0,*,"","","Y","Reference {[]} {[CanonicalType[http://hl7.org/fhir/StructureDefinition/Observation], CanonicalType[http://hl7.org/fhir/StructureDefinition/QuestionnaireResponse], CanonicalType[http://hl7.org/fhir/StructureDefinition/MolecularSequence]]}
","Related resource that belongs to the Observation group","This observation is a group observation (e.g. a battery, a panel of tests, a set of vital sign measurements) that includes the target as a member of the group.","When using this element, an observation will typically have either a value or a set of related resources, although both may be present in some cases.  For a discussion on the ways Observations can assembled in groups together, see [Notes](http://hl7.org/fhir/R4/observation.html#obsgrouping) below.  Note that a system may calculate results from [QuestionnaireResponse](http://hl7.org/fhir/R4/questionnaireresponse.html)  into a final score and represent the score as an Observation.","","","","","","","","",,,,,"",,,,"Observation.hasMember",0,*,"ele-1
","ele-1:All FHIR elements must have a @value or children {hasValue() or (children().count() > id.count())}
ref-1:SHALL have a contained resource if a local reference is provided {reference.startsWith('#').not() or (reference.substring(1).trace('url') in %rootResource.contained.id.trace('ids'))}"
"Observation.derivedFrom","Observation.derivedFrom","","","",0,*,"Y","","Y","Reference {[]} {[CanonicalType[http://hl7.org/fhir/StructureDefinition/DocumentReference], CanonicalType[http://hl7.org/fhir/StructureDefinition/ImagingStudy], CanonicalType[http://hl7.org/fhir/StructureDefinition/Media], CanonicalType[http://hl7.org/fhir/StructureDefinition/QuestionnaireResponse], CanonicalType[http://hl7.org/fhir/StructureDefinition/Observation], CanonicalType[http://hl7.org/fhir/StructureDefinition/MolecularSequence]]}
","Abgeleitet von","Referenzen zu anderen Beobachtungen von denen diese abgeleitet ist","All the reference choices that are listed in this element can represent clinical observations and other measurements that may be the source for a derived value.  The most common reference will be another Observation.  For a discussion on the ways Observations can assembled in groups together, see [Notes](http://hl7.org/fhir/R4/observation.html#obsgrouping) below.","","","","","","","","",,,,,"","profile:resolve()}
","Slice based on the reference profile pattern",,"open","Observation.derivedFrom",0,*,"ele-1
","ele-1:All FHIR elements must have a @value or children {hasValue() or (children().count() > id.count())}
ref-1:SHALL have a contained resource if a local reference is provided {reference.startsWith('#').not() or (reference.substring(1).trace('url') in %rootResource.contained.id.trace('ids'))}"
"Observation.derivedFrom:variant","Observation.derivedFrom","variant","","",0,*,"","","Y","Reference {[]} {[CanonicalType[https://www.medizininformatik-initiative.de/fhir/ext/modul-molgen/StructureDefinition/variante]]}
","Variant the biomarker is derived from","The target resource that represents a measurement from which this observation value is derived. For example, a calculated anion gap or a fetal measurement based on an ultrasound image.","All the reference choices that are listed in this element can represent clinical observations and other measurements that may be the source for a derived value.  The most common reference will be another Observation.  For a discussion on the ways Observations can assembled in groups together, see [Notes](http://hl7.org/fhir/R4/observation.html#obsgrouping) below.","","","","","","","","",,,,,"",,,,"Observation.derivedFrom",0,*,"ele-1
","ele-1:All FHIR elements must have a @value or children {hasValue() or (children().count() > id.count())}
ref-1:SHALL have a contained resource if a local reference is provided {reference.startsWith('#').not() or (reference.substring(1).trace('url') in %rootResource.contained.id.trace('ids'))}"
"Observation.derivedFrom:genotype","Observation.derivedFrom","genotype","","",0,*,"","","Y","Reference {[]} {[CanonicalType[http://hl7.org/fhir/uv/genomics-reporting/StructureDefinition/genotype]]}
","Genotype the biomarker is derived from","The target resource that represents a measurement from which this observation value is derived. For example, a calculated anion gap or a fetal measurement based on an ultrasound image.","All the reference choices that are listed in this element can represent clinical observations and other measurements that may be the source for a derived value.  The most common reference will be another Observation.  For a discussion on the ways Observations can assembled in groups together, see [Notes](http://hl7.org/fhir/R4/observation.html#obsgrouping) below.","","","","","","","","",,,,,"",,,,"Observation.derivedFrom",0,*,"ele-1
","ele-1:All FHIR elements must have a @value or children {hasValue() or (children().count() > id.count())}
ref-1:SHALL have a contained resource if a local reference is provided {reference.startsWith('#').not() or (reference.substring(1).trace('url') in %rootResource.contained.id.trace('ids'))}"
"Observation.derivedFrom:haplotype","Observation.derivedFrom","haplotype","","",0,*,"","","Y","Reference {[]} {[CanonicalType[http://hl7.org/fhir/uv/genomics-reporting/StructureDefinition/haplotype]]}
","Haplotype the biomarker is derived from","The target resource that represents a measurement from which this observation value is derived. For example, a calculated anion gap or a fetal measurement based on an ultrasound image.","All the reference choices that are listed in this element can represent clinical observations and other measurements that may be the source for a derived value.  The most common reference will be another Observation.  For a discussion on the ways Observations can assembled in groups together, see [Notes](http://hl7.org/fhir/R4/observation.html#obsgrouping) below.","","","","","","","","",,,,,"",,,,"Observation.derivedFrom",0,*,"ele-1
","ele-1:All FHIR elements must have a @value or children {hasValue() or (children().count() > id.count())}
ref-1:SHALL have a contained resource if a local reference is provided {reference.startsWith('#').not() or (reference.substring(1).trace('url') in %rootResource.contained.id.trace('ids'))}"
"Observation.component","Observation.component","","","",0,*,"Y","","Y","BackboneElement {[]} {[]}
","Komponenten","Einzelne Komponenten der Beobachtung","For a discussion on the ways Observations can be assembled in groups together see [Notes](http://hl7.org/fhir/R4/observation.html#notes) below.","Component observations share the same attributes in the Observation resource as the primary observation and are always treated a part of a single observation (they are not separable).   However, the reference range for the primary observation value is not inherited by the component values and is required when appropriate for each component observation.","","","","","","","",,,,,"","value:code}
","Slice based on the component.code pattern",,"open","Observation.component",0,*,"ele-1
","ele-1:All FHIR elements must have a @value or children {hasValue() or (children().count() > id.count())}
"
"Observation.component.id","Observation.component.id","","","",0,1,"","","","string {[]} {[]}
","Unique id for inter-element referencing","Unique id for the element within a resource (for internal references). This may be any string value that does not contain spaces.","","","","","","","","","",,,,,"",,,,"Element.id",0,1,"",""
"Observation.component.extension","Observation.component.extension","","extensions
user content","",0,*,"","","","Extension {[]} {[]}
","Additional content defined by implementations","May be used to represent additional information that is not part of the basic definition of the element. To make the use of extensions safe and manageable, there is a strict set of governance  applied to the definition and use of extensions. Though any implementer can define an extension, there is a set of requirements that SHALL be met as part of the definition of the extension.","There can be no stigma associated with the use of extensions by any application, project, or standard - regardless of the institution or jurisdiction that uses or defines the extensions.  The use of extensions is what allows the FHIR specification to retain a core level of simplicity for everyone.","","","","","","","","",,,,,"","value:url}
","Extensions are always sliced by (at least) url",,"open","Element.extension",0,*,"ele-1
","ele-1:All FHIR elements must have a @value or children {hasValue() or (children().count() > id.count())}
ext-1:Must have either extensions or value[x], not both {extension.exists() != value.exists()}"
"Observation.component.modifierExtension","Observation.component.modifierExtension","","extensions
user contentmodifiers","",0,*,"","Y","Y","Extension {[]} {[]}
","Extensions that cannot be ignored even if unrecognized","May be used to represent additional information that is not part of the basic definition of the element and that modifies the understanding of the element in which it is contained and/or the understanding of the containing element's descendants. Usually modifier elements provide negation or qualification. To make the use of extensions safe and manageable, there is a strict set of governance applied to the definition and use of extensions. Though any implementer can define an extension, there is a set of requirements that SHALL be met as part of the definition of the extension. Applications processing a resource are required to check for modifier extensions.

Modifier extensions SHALL NOT change the meaning of any elements on Resource or DomainResource (including cannot change the meaning of modifierExtension itself).","There can be no stigma associated with the use of extensions by any application, project, or standard - regardless of the institution or jurisdiction that uses or defines the extensions.  The use of extensions is what allows the FHIR specification to retain a core level of simplicity for everyone.","Modifier extensions allow for extensions that *cannot* be safely ignored to be clearly distinguished from the vast majority of extensions which can be safely ignored.  This promotes interoperability by eliminating the need for implementers to prohibit the presence of extensions. For further information, see the [definition of modifier extensions](http://hl7.org/fhir/R4/extensibility.html#modifierExtension).","","","","","","","",,,,,"",,,,"BackboneElement.modifierExtension",0,*,"ele-1
","ele-1:All FHIR elements must have a @value or children {hasValue() or (children().count() > id.count())}
ext-1:Must have either extensions or value[x], not both {extension.exists() != value.exists()}"
"Observation.component.code","Observation.component.code","","","",1,1,"","","Y","CodeableConcept {[]} {[]}
","Type of component observation (code / type)","Describes what was observed. Sometimes this is called the observation ""code"".","*All* code-value and  component.code-component.value pairs need to be taken into account to correctly understand the meaning of the observation.","Knowing what kind of observation is being made is essential to understanding the observation.","","","","","","","",,"example","Codes identifying names of simple observations.","http://hl7.org/fhir/ValueSet/observation-codes","",,,,"Observation.component.code",1,1,"ele-1
","ele-1:All FHIR elements must have a @value or children {hasValue() or (children().count() > id.count())}
"
"Observation.component.value[x]","Observation.component.value[x]","","","",0,1,"","","Y","Quantity {[]} {[]}
CodeableConcept {[]} {[]}string {[]} {[]}boolean {[]} {[]}integer {[]} {[]}Range {[]} {[]}Ratio {[]} {[]}SampledData {[]} {[]}time {[]} {[]}dateTime {[]} {[]}Period {[]} {[]}","Actual component result","The information determined as a result of making the observation, if the information has a simple value.","Used when observation has a set of component observations. An observation may have both a value (e.g. an  Apgar score)  and component observations (the observations from which the Apgar score was derived). If a value is present, the datatype for this element should be determined by Observation.code. A CodeableConcept with just a text would be used instead of a string if the field was usually coded, or if the type associated with the Observation.code defines a coded value.  For additional guidance, see the [Notes section](http://hl7.org/fhir/R4/observation.html#notes) below.","An observation exists to have a value, though it might not if it is in error, or if it represents a group of observations.","","","","","","","",,,,,"",,,,"Observation.component.value[x]",0,1,"ele-1
","ele-1:All FHIR elements must have a @value or children {hasValue() or (children().count() > id.count())}
"
"Observation.component.dataAbsentReason","Observation.component.dataAbsentReason","","","",0,1,"","","","CodeableConcept {[]} {[]}
","Why the component result is missing","Provides a reason why the expected value in the element Observation.component.value[x] is missing.","""Null"" or exceptional values can be represented two ways in FHIR Observations.  One way is to simply include them in the value set and represent the exceptions in the value.  For example, measurement values for a serology test could be  ""detected"", ""not detected"", ""inconclusive"", or  ""test not done"". 

The alternate way is to use the value element for actual observations and use the explicit dataAbsentReason element to record exceptional values.  For example, the dataAbsentReason code ""error"" could be used when the measurement was not completed.  Because of these options, use-case agreements are required to interpret general observations for exceptional values.","For many results it is necessary to handle exceptional values in measurements.","","","","","","","",,"extensible","Codes specifying why the result (`Observation.value[x]`) is missing.","http://hl7.org/fhir/ValueSet/data-absent-reason","",,,,"Observation.component.dataAbsentReason",0,1,"ele-1
obs-6","ele-1:All FHIR elements must have a @value or children {hasValue() or (children().count() > id.count())}
"
"Observation.component.interpretation","Observation.component.interpretation","","Abnormal Flag
","",0,*,"","","","CodeableConcept {[]} {[]}
","High, low, normal, etc.","A categorical assessment of an observation value.  For example, high, low, normal.","Historically used for laboratory results (known as 'abnormal flag' ),  its use extends to other use cases where coded interpretations  are relevant.  Often reported as one or more simple compact codes this element is often placed adjacent to the result value in reports and flow sheets to signal the meaning/normalcy status of the result.","For some results, particularly numeric results, an interpretation is necessary to fully understand the significance of a result.","","","","","","","",,"extensible","Codes identifying interpretations of observations.","http://hl7.org/fhir/ValueSet/observation-interpretation","",,,,"Observation.component.interpretation",0,*,"ele-1
","ele-1:All FHIR elements must have a @value or children {hasValue() or (children().count() > id.count())}
"
"Observation.component.referenceRange","Observation.component.referenceRange","","","",0,*,"","","","null {[]} {[]}
","Provides guide for interpretation of component result","Guidance on how to interpret the value by comparison to a normal or recommended range.","Most observations only have one generic reference range. Systems MAY choose to restrict to only supplying the relevant reference range based on knowledge about the patient (e.g., specific to the patient's age, gender, weight and other factors), but this might not be possible or appropriate. Whenever more than one reference range is supplied, the differences between them SHOULD be provided in the reference range and/or age properties.","Knowing what values are considered ""normal"" can help evaluate the significance of a particular result. Need to be able to provide multiple reference ranges for different contexts.","","","","","","","",,,,,"",,,,"Observation.component.referenceRange",0,*,"",""
"Observation.component:gene-studied","Observation.component","gene-studied","","",0,*,"Y","","Y","BackboneElement {[]} {[]}
","Untersuchtes Gen","Das untersuchte Gen","For a discussion on the ways Observations can be assembled in groups together see [Notes](http://hl7.org/fhir/R4/observation.html#notes) below.","Component observations share the same attributes in the Observation resource as the primary observation and are always treated a part of a single observation (they are not separable).   However, the reference range for the primary observation value is not inherited by the component values and is required when appropriate for each component observation.","","","","","","","",,,,,"",,,,"Observation.component",0,*,"ele-1
","ele-1:All FHIR elements must have a @value or children {hasValue() or (children().count() > id.count())}
"
"Observation.component:gene-studied.id","Observation.component.id","","","",0,1,"","","","string {[]} {[]}
","Unique id for inter-element referencing","Unique id for the element within a resource (for internal references). This may be any string value that does not contain spaces.","","","","","","","","","",,,,,"",,,,"Element.id",0,1,"",""
"Observation.component:gene-studied.extension","Observation.component.extension","","extensions
user content","",0,*,"","","","Extension {[]} {[]}
","Additional content defined by implementations","May be used to represent additional information that is not part of the basic definition of the element. To make the use of extensions safe and manageable, there is a strict set of governance  applied to the definition and use of extensions. Though any implementer can define an extension, there is a set of requirements that SHALL be met as part of the definition of the extension.","There can be no stigma associated with the use of extensions by any application, project, or standard - regardless of the institution or jurisdiction that uses or defines the extensions.  The use of extensions is what allows the FHIR specification to retain a core level of simplicity for everyone.","","","","","","","","",,,,,"","value:url}
","Extensions are always sliced by (at least) url",,"open","Element.extension",0,*,"ele-1
","ele-1:All FHIR elements must have a @value or children {hasValue() or (children().count() > id.count())}
ext-1:Must have either extensions or value[x], not both {extension.exists() != value.exists()}"
"Observation.component:gene-studied.modifierExtension","Observation.component.modifierExtension","","extensions
user contentmodifiers","",0,*,"","Y","Y","Extension {[]} {[]}
","Extensions that cannot be ignored even if unrecognized","May be used to represent additional information that is not part of the basic definition of the element and that modifies the understanding of the element in which it is contained and/or the understanding of the containing element's descendants. Usually modifier elements provide negation or qualification. To make the use of extensions safe and manageable, there is a strict set of governance applied to the definition and use of extensions. Though any implementer can define an extension, there is a set of requirements that SHALL be met as part of the definition of the extension. Applications processing a resource are required to check for modifier extensions.

Modifier extensions SHALL NOT change the meaning of any elements on Resource or DomainResource (including cannot change the meaning of modifierExtension itself).","There can be no stigma associated with the use of extensions by any application, project, or standard - regardless of the institution or jurisdiction that uses or defines the extensions.  The use of extensions is what allows the FHIR specification to retain a core level of simplicity for everyone.","Modifier extensions allow for extensions that *cannot* be safely ignored to be clearly distinguished from the vast majority of extensions which can be safely ignored.  This promotes interoperability by eliminating the need for implementers to prohibit the presence of extensions. For further information, see the [definition of modifier extensions](http://hl7.org/fhir/R4/extensibility.html#modifierExtension).","","","","","","","",,,,,"",,,,"BackboneElement.modifierExtension",0,*,"ele-1
","ele-1:All FHIR elements must have a @value or children {hasValue() or (children().count() > id.count())}
ext-1:Must have either extensions or value[x], not both {extension.exists() != value.exists()}"
"Observation.component:gene-studied.code","Observation.component.code","","","",1,1,"","","Y","CodeableConcept {[]} {[]}
","48018-6","Describes what was observed. Sometimes this is called the observation ""code"".","*All* code-value and  component.code-component.value pairs need to be taken into account to correctly understand the meaning of the observation.","Knowing what kind of observation is being made is essential to understanding the observation.","","","","<valueCodeableConcept xmlns=""http://hl7.org/fhir"">
  <coding>
    <system value=""http://loinc.org""/>
    <code value=""48018-6""/>
  </coding>
</valueCodeableConcept>","","","",,"example","Codes identifying names of simple observations.","http://hl7.org/fhir/ValueSet/observation-codes","",,,,"Observation.component.code",1,1,"ele-1
","ele-1:All FHIR elements must have a @value or children {hasValue() or (children().count() > id.count())}
"
"Observation.component:gene-studied.value[x]","Observation.component.value[x]","","","",1,1,"","","Y","CodeableConcept {[]} {[]}
","The HGNC gene symbol is to be used as display text and the HGNC gene ID used as the code. If no HGNC code issued for this gene yet, NCBI gene IDs SHALL be used.","The information determined as a result of making the observation, if the information has a simple value.","Used when observation has a set of component observations. An observation may have both a value (e.g. an  Apgar score)  and component observations (the observations from which the Apgar score was derived). If a value is present, the datatype for this element should be determined by Observation.code. A CodeableConcept with just a text would be used instead of a string if the field was usually coded, or if the type associated with the Observation.code defines a coded value.  For additional guidance, see the [Notes section](http://hl7.org/fhir/R4/observation.html#notes) below.","An observation exists to have a value, though it might not if it is in error, or if it represents a group of observations.","","","","","","","",,"extensible","","http://hl7.org/fhir/uv/genomics-reporting/ValueSet/hgnc-vs","",,,,"Observation.component.value[x]",0,1,"ele-1
","ele-1:All FHIR elements must have a @value or children {hasValue() or (children().count() > id.count())}
"
"Observation.component:gene-studied.dataAbsentReason","Observation.component.dataAbsentReason","","","",0,1,"","","","CodeableConcept {[]} {[]}
","Why the component result is missing","Provides a reason why the expected value in the element Observation.component.value[x] is missing.","""Null"" or exceptional values can be represented two ways in FHIR Observations.  One way is to simply include them in the value set and represent the exceptions in the value.  For example, measurement values for a serology test could be  ""detected"", ""not detected"", ""inconclusive"", or  ""test not done"". 

The alternate way is to use the value element for actual observations and use the explicit dataAbsentReason element to record exceptional values.  For example, the dataAbsentReason code ""error"" could be used when the measurement was not completed.  Because of these options, use-case agreements are required to interpret general observations for exceptional values.","For many results it is necessary to handle exceptional values in measurements.","","","","","","","",,"extensible","Codes specifying why the result (`Observation.value[x]`) is missing.","http://hl7.org/fhir/ValueSet/data-absent-reason","",,,,"Observation.component.dataAbsentReason",0,1,"ele-1
obs-6","ele-1:All FHIR elements must have a @value or children {hasValue() or (children().count() > id.count())}
"
"Observation.component:gene-studied.interpretation","Observation.component.interpretation","","Abnormal Flag
","",0,*,"","","","CodeableConcept {[]} {[]}
","High, low, normal, etc.","A categorical assessment of an observation value.  For example, high, low, normal.","Historically used for laboratory results (known as 'abnormal flag' ),  its use extends to other use cases where coded interpretations  are relevant.  Often reported as one or more simple compact codes this element is often placed adjacent to the result value in reports and flow sheets to signal the meaning/normalcy status of the result.","For some results, particularly numeric results, an interpretation is necessary to fully understand the significance of a result.","","","","","","","",,"extensible","Codes identifying interpretations of observations.","http://hl7.org/fhir/ValueSet/observation-interpretation","",,,,"Observation.component.interpretation",0,*,"ele-1
","ele-1:All FHIR elements must have a @value or children {hasValue() or (children().count() > id.count())}
"
"Observation.component:gene-studied.referenceRange","Observation.component.referenceRange","","","",0,*,"","","","null {[]} {[]}
","Provides guide for interpretation of component result","Guidance on how to interpret the value by comparison to a normal or recommended range.","Most observations only have one generic reference range. Systems MAY choose to restrict to only supplying the relevant reference range based on knowledge about the patient (e.g., specific to the patient's age, gender, weight and other factors), but this might not be possible or appropriate. Whenever more than one reference range is supplied, the differences between them SHOULD be provided in the reference range and/or age properties.","Knowing what values are considered ""normal"" can help evaluate the significance of a particular result. Need to be able to provide multiple reference ranges for different contexts.","","","","","","","",,,,,"",,,,"Observation.component.referenceRange",0,*,"",""
"Observation.component:biomarker-category","Observation.component","biomarker-category","","",0,*,"Y","","Y","BackboneElement {[]} {[]}
","Biomarker-Kategorie","Die Kategorie des molekularen Biomarkers","Component biomarker-category is an optional and repeating field that provides for a categorization of a given biomarker observation. The example 'molecular biomarker ontology' value set provides a categorization of biomarkers along several axes. A given lab test can be associated with more than one category within more than one axis. For example, LOINC code 85337-4 represents Estrogen receptor antigen in tissue by immune stain. It can be categorized by physiologic role of cell receptor and antigen; by molecule type of protein; and by method of immune stain.","Component observations share the same attributes in the Observation resource as the primary observation and are always treated a part of a single observation (they are not separable).   However, the reference range for the primary observation value is not inherited by the component values and is required when appropriate for each component observation.","","","","","","","",,,,,"",,,,"Observation.component",0,*,"ele-1
","ele-1:All FHIR elements must have a @value or children {hasValue() or (children().count() > id.count())}
"
"Observation.component:biomarker-category.id","Observation.component.id","","","",0,1,"","","","string {[]} {[]}
","Unique id for inter-element referencing","Unique id for the element within a resource (for internal references). This may be any string value that does not contain spaces.","","","","","","","","","",,,,,"",,,,"Element.id",0,1,"",""
"Observation.component:biomarker-category.extension","Observation.component.extension","","extensions
user content","",0,*,"","","","Extension {[]} {[]}
","Additional content defined by implementations","May be used to represent additional information that is not part of the basic definition of the element. To make the use of extensions safe and manageable, there is a strict set of governance  applied to the definition and use of extensions. Though any implementer can define an extension, there is a set of requirements that SHALL be met as part of the definition of the extension.","There can be no stigma associated with the use of extensions by any application, project, or standard - regardless of the institution or jurisdiction that uses or defines the extensions.  The use of extensions is what allows the FHIR specification to retain a core level of simplicity for everyone.","","","","","","","","",,,,,"","value:url}
","Extensions are always sliced by (at least) url",,"open","Element.extension",0,*,"ele-1
","ele-1:All FHIR elements must have a @value or children {hasValue() or (children().count() > id.count())}
ext-1:Must have either extensions or value[x], not both {extension.exists() != value.exists()}"
"Observation.component:biomarker-category.modifierExtension","Observation.component.modifierExtension","","extensions
user contentmodifiers","",0,*,"","Y","Y","Extension {[]} {[]}
","Extensions that cannot be ignored even if unrecognized","May be used to represent additional information that is not part of the basic definition of the element and that modifies the understanding of the element in which it is contained and/or the understanding of the containing element's descendants. Usually modifier elements provide negation or qualification. To make the use of extensions safe and manageable, there is a strict set of governance applied to the definition and use of extensions. Though any implementer can define an extension, there is a set of requirements that SHALL be met as part of the definition of the extension. Applications processing a resource are required to check for modifier extensions.

Modifier extensions SHALL NOT change the meaning of any elements on Resource or DomainResource (including cannot change the meaning of modifierExtension itself).","There can be no stigma associated with the use of extensions by any application, project, or standard - regardless of the institution or jurisdiction that uses or defines the extensions.  The use of extensions is what allows the FHIR specification to retain a core level of simplicity for everyone.","Modifier extensions allow for extensions that *cannot* be safely ignored to be clearly distinguished from the vast majority of extensions which can be safely ignored.  This promotes interoperability by eliminating the need for implementers to prohibit the presence of extensions. For further information, see the [definition of modifier extensions](http://hl7.org/fhir/R4/extensibility.html#modifierExtension).","","","","","","","",,,,,"",,,,"BackboneElement.modifierExtension",0,*,"ele-1
","ele-1:All FHIR elements must have a @value or children {hasValue() or (children().count() > id.count())}
ext-1:Must have either extensions or value[x], not both {extension.exists() != value.exists()}"
"Observation.component:biomarker-category.code","Observation.component.code","","","",1,1,"","","Y","CodeableConcept {[]} {[]}
","Type of component observation (code / type)","Describes what was observed. Sometimes this is called the observation ""code"".","*All* code-value and  component.code-component.value pairs need to be taken into account to correctly understand the meaning of the observation.","Knowing what kind of observation is being made is essential to understanding the observation.","","","","<valueCodeableConcept xmlns=""http://hl7.org/fhir"">
  <coding>
    <system value=""http://hl7.org/fhir/uv/genomics-reporting/CodeSystem/tbd-codes-cs""/>
    <code value=""biomarker-category""/>
  </coding>
</valueCodeableConcept>","","","",,"example","Codes identifying names of simple observations.","http://hl7.org/fhir/ValueSet/observation-codes","",,,,"Observation.component.code",1,1,"ele-1
","ele-1:All FHIR elements must have a @value or children {hasValue() or (children().count() > id.count())}
"
"Observation.component:biomarker-category.value[x]","Observation.component.value[x]","","","",1,1,"","","Y","CodeableConcept {[]} {[]}
","cell receptor | antigen | protein | immune stain","The information determined as a result of making the observation, if the information has a simple value.","Used when observation has a set of component observations. An observation may have both a value (e.g. an  Apgar score)  and component observations (the observations from which the Apgar score was derived). If a value is present, the datatype for this element should be determined by Observation.code. A CodeableConcept with just a text would be used instead of a string if the field was usually coded, or if the type associated with the Observation.code defines a coded value.  For additional guidance, see the [Notes section](http://hl7.org/fhir/R4/observation.html#notes) below.","An observation exists to have a value, though it might not if it is in error, or if it represents a group of observations.","","","","","","","",,"example","","http://hl7.org/fhir/uv/genomics-reporting/ValueSet/molecular-biomarker-category-vs","",,,,"Observation.component.value[x]",0,1,"ele-1
","ele-1:All FHIR elements must have a @value or children {hasValue() or (children().count() > id.count())}
"
"Observation.component:biomarker-category.dataAbsentReason","Observation.component.dataAbsentReason","","","",0,1,"","","","CodeableConcept {[]} {[]}
","Why the component result is missing","Provides a reason why the expected value in the element Observation.component.value[x] is missing.","""Null"" or exceptional values can be represented two ways in FHIR Observations.  One way is to simply include them in the value set and represent the exceptions in the value.  For example, measurement values for a serology test could be  ""detected"", ""not detected"", ""inconclusive"", or  ""test not done"". 

The alternate way is to use the value element for actual observations and use the explicit dataAbsentReason element to record exceptional values.  For example, the dataAbsentReason code ""error"" could be used when the measurement was not completed.  Because of these options, use-case agreements are required to interpret general observations for exceptional values.","For many results it is necessary to handle exceptional values in measurements.","","","","","","","",,"extensible","Codes specifying why the result (`Observation.value[x]`) is missing.","http://hl7.org/fhir/ValueSet/data-absent-reason","",,,,"Observation.component.dataAbsentReason",0,1,"ele-1
obs-6","ele-1:All FHIR elements must have a @value or children {hasValue() or (children().count() > id.count())}
"
"Observation.component:biomarker-category.interpretation","Observation.component.interpretation","","Abnormal Flag
","",0,*,"","","","CodeableConcept {[]} {[]}
","High, low, normal, etc.","A categorical assessment of an observation value.  For example, high, low, normal.","Historically used for laboratory results (known as 'abnormal flag' ),  its use extends to other use cases where coded interpretations  are relevant.  Often reported as one or more simple compact codes this element is often placed adjacent to the result value in reports and flow sheets to signal the meaning/normalcy status of the result.","For some results, particularly numeric results, an interpretation is necessary to fully understand the significance of a result.","","","","","","","",,"extensible","Codes identifying interpretations of observations.","http://hl7.org/fhir/ValueSet/observation-interpretation","",,,,"Observation.component.interpretation",0,*,"ele-1
","ele-1:All FHIR elements must have a @value or children {hasValue() or (children().count() > id.count())}
"
"Observation.component:biomarker-category.referenceRange","Observation.component.referenceRange","","","",0,*,"","","","null {[]} {[]}
","Provides guide for interpretation of component result","Guidance on how to interpret the value by comparison to a normal or recommended range.","Most observations only have one generic reference range. Systems MAY choose to restrict to only supplying the relevant reference range based on knowledge about the patient (e.g., specific to the patient's age, gender, weight and other factors), but this might not be possible or appropriate. Whenever more than one reference range is supplied, the differences between them SHOULD be provided in the reference range and/or age properties.","Knowing what values are considered ""normal"" can help evaluate the significance of a particular result. Need to be able to provide multiple reference ranges for different contexts.","","","","","","","",,,,,"",,,,"Observation.component.referenceRange",0,*,"",""
